Coloretto,
Calico,36
Skull King,15
Dice Forge,35
Paleo,38.2
Monopoly Board Crawl,17
Sub Terra,30
Très Futé,
Takenoko,29
Chakra,22.5
Champ d'honneur,45
Mot pour Mot,15
Tokaïdo,17
Les extensions de Seasons,
Plouf Party,
Les 5 rois,15
Un Unlock !!,15
Res Arcana,29
Star Realms,
Time Masters,
Guillotine,
Fight!,14.8
Level 8,11
Camelot,
Smallworld,45
Can't Stop,
Trek 12,
Twinit,14
NMBR 9,
Twister,30
Decrypto,15
Forêt Mixte,24
Sky Team,27
Dany,17
Miniville,15
Terraforming Mars,
Perfect Words,19
Rien à Cacher,20
Shériff de Nottingham,
Odin,12
Black Stories,10
Fantasy Realms,20
That's Not a Hat (Incognito),9
